 ,OH6416, OH6416, OH6416, OH6432, OH6432, OH6432, OH6464, OH6464, OH6464, OH6416FFT, OH6416FFT, OH6416FFT, OH6432FFT, OH6432FFT, OH6432FFT, OH6464FFT, OH6464FFT, OH6464FFT, ntru-hps2048509, ntru-hps2048509, ntru-hps2048509, ntru-hps2048677, ntru-hps2048677, ntru-hps2048677, ntru-hps4096821, ntru-hps4096821, ntru-hps4096821, ntru-hrss701, ntru-hrss701, ntru-hrss701, ntrulpr653, ntrulpr653, ntrulpr653, ntrulpr761, ntrulpr761, ntrulpr761, ntrulpr857, ntrulpr857, ntrulpr857, sntrup653, sntrup653, sntrup653, sntrup761, sntrup761, sntrup761, sntrup857, sntrup857, sntrup857, FrodoKEM-640, FrodoKEM-640, FrodoKEM-640, FrodoKEM-976, FrodoKEM-976, FrodoKEM-976, FrodoKEM-1344, FrodoKEM-1344, FrodoKEM-1344, kyber512, kyber512, kyber512, kyber768, kyber768, kyber768, kyber1024, kyber1024, kyber1024, BabyBear, BabyBear, BabyBear, MamaBear, MamaBear, MamaBear, PapaBear, PapaBear, PapaBear
case No., KeyGen(ns), Encrypt(ns), Decrypt(ns), KeyGen(ns), Encrypt(ns), Decrypt(ns), KeyGen(ns), Encrypt(ns), Decrypt(ns), KeyGen(ns), Encrypt(ns), Decrypt(ns), KeyGen(ns), Encrypt(ns), Decrypt(ns), KeyGen(ns), Encrypt(ns), Decrypt(ns), KeyGen(ns), Encrypt(ns), Decrypt(ns), KeyGen(ns), Encrypt(ns), Decrypt(ns), KeyGen(ns), Encrypt(ns), Decrypt(ns), KeyGen(ns), Encrypt(ns), Decrypt(ns), KeyGen(ns), Encrypt(ns), Decrypt(ns), KeyGen(ns), Encrypt(ns), Decrypt(ns), KeyGen(ns), Encrypt(ns), Decrypt(ns), KeyGen(ns), Encrypt(ns), Decrypt(ns), KeyGen(ns), Encrypt(ns), Decrypt(ns), KeyGen(ns), Encrypt(ns), Decrypt(ns), KeyGen(ns), Encrypt(ns), Decrypt(ns), KeyGen(ns), Encrypt(ns), Decrypt(ns), KeyGen(ns), Encrypt(ns), Decrypt(ns), KeyGen(ns), Encrypt(ns), Decrypt(ns), KeyGen(ns), Encrypt(ns), Decrypt(ns), KeyGen(ns), Encrypt(ns), Decrypt(ns), KeyGen(ns), Encrypt(ns), Decrypt(ns), KeyGen(ns), Encrypt(ns), Decrypt(ns), KeyGen(ns), Encrypt(ns), Decrypt(ns)
0, 3568, 1405, 3205, 4437, 2037, 7342, 5656, 19717, 15272, 276849, 35643, 336248, 100583, 121063, 350967, 232768, 177800, 294859, 37831994, 989407, 2488657, 63518239, 1529337, 3840683, 95636278, 2264733, 6295917, 66750296, 1763192, 5403515, 7740722, 12821826, 19234026, 9976984, 17934866, 25512199, 12434411, 22148155, 31998983, 59149516, 7734061, 21935139, 83431038, 9338617, 25545348, 101067912, 13430728, 34404768, 1218872, 3155148, 2877563, 2371891, 6132335, 5737020, 4685023, 11785511, 11447409, 154763, 195651, 234670, 291903, 315672, 401726, 372626, 941831, 1803224, 552911, 682051, 1404095, 1012644, 1290311, 2662243, 1854670, 1961677, 4296337
1, 318, 583, 2171, 1650, 1930, 6829, 4659, 5111, 10863, 37971, 86601, 554585, 76253, 109207, 490070, 198656, 163376, 3884503, 41091616, 1146366, 3419389, 59420537, 1674073, 4565792, 90780837, 2343573, 6069696, 63756858, 1453515, 4510749, 6965318, 14381582, 19269844, 8946257, 17520284, 26602183, 12822532, 21732350, 32012860, 60994713, 7789730, 19757795, 87222899, 10194103, 28826999, 102165894, 13932143, 37088858, 716313, 3059008, 2990749, 1444197, 5009753, 5436605, 2237700, 11104377, 11812103, 136961, 208259, 273844, 1029090, 555037, 441974, 559137, 505468, 581708, 549310, 647831, 1261057, 1015164, 1285573, 2851110, 1822910, 3381881, 6488652
2, 263, 562, 2137, 1581, 1803, 6699, 4965, 4836, 9980, 35088, 524689, 993975, 72538, 95232, 313365, 211354, 196576, 304865, 42520131, 909286, 2162294, 61944641, 1609778, 3818155, 89360275, 2242222, 6026831, 65452495, 1482805, 4610602, 6246520, 13230476, 19731714, 8622834, 17760838, 27036136, 11561473, 23008703, 35182744, 61003604, 7970822, 20655580, 90060940, 11171371, 27716621, 100534864, 12726616, 33068900, 510627, 2731033, 2936571, 1068301, 5058325, 5347808, 2205965, 15422932, 11492421, 166094, 275601, 251407, 564357, 718242, 707562, 528892, 524029, 537706, 470037, 624857, 1496016, 1140971, 1309726, 2497039, 1774807, 1966294, 4056156
3, 323, 570, 2328, 1495, 1871, 6576, 4746, 4982, 9965, 36668, 35574, 356832, 76369, 78669, 580609, 177969, 188700, 386567, 34858639, 900812, 2604724, 60449964, 2146767, 5067648, 89209947, 2057097, 5952380, 63427787, 1543271, 4462395, 6576857, 14903320, 21055767, 9688013, 17398351, 26457715, 11020126, 23640751, 33188834, 57607107, 8417181, 19792938, 82117116, 9499870, 25771591, 100778081, 12186422, 34723367, 516234, 3908532, 2930079, 1080678, 5277558, 5617588, 1918979, 12367312, 11409865, 169666, 279225, 281184, 418702, 644194, 800820, 494383, 734785, 702067, 571696, 914719, 1357117, 1014332, 1208411, 2648975, 2006223, 2012718, 4426465
4, 315, 607, 2205, 1395, 1744, 6579, 4579, 5000, 9985, 36807, 51329, 510136, 72946, 78014, 293726, 155543, 176805, 435975, 33865272, 917765, 2129929, 60348570, 1575305, 4105455, 87063176, 2139518, 7963017, 63883035, 1608049, 4689680, 6459486, 14126147, 18296187, 8837645, 18213018, 26784040, 12466259, 22711531, 32103970, 69435698, 7900886, 19232726, 82261805, 11927408, 27798758, 100836266, 13356848, 34668871, 561312, 2894043, 2971888, 1024998, 7514736, 5579022, 1783227, 11948658, 11942793, 167997, 197752, 258689, 806471, 299231, 672431, 415030, 490187, 616440, 495532, 771947, 1489364, 1052329, 1234731, 3061322, 1736399, 2043725, 4411627
5, 268, 556, 2161, 1411, 1688, 6526, 4373, 4560, 9649, 35111, 35286, 489524, 139431, 114365, 352370, 170675, 188830, 374773, 34409923, 900387, 2403246, 61420381, 1552505, 4155925, 90472468, 2350113, 6492540, 65049694, 1497651, 5002193, 6958761, 13862597, 19884264, 8569594, 19753910, 25315852, 11342071, 23141303, 30737685, 58108271, 8426231, 20182630, 87201558, 9711265, 25788548, 101318161, 13208989, 33375780, 539479, 3289687, 2765071, 1105025, 5217524, 5153745, 2277169, 12220584, 11472958, 148166, 190268, 281552, 252760, 346592, 491172, 401952, 538645, 643830, 476960, 677429, 2816414, 1138275, 1322751, 2690800, 1827955, 2091051, 4173568
6, 266, 556, 2175, 1389, 1596, 6598, 4410, 4606, 9633, 36522, 53342, 381085, 119958, 106822, 365357, 162681, 164017, 408207, 40704151, 1002686, 2356580, 59155883, 1500923, 3660486, 92386779, 2219880, 5986251, 66428606, 1485276, 4492823, 7107933, 14113690, 19200608, 8714860, 18980237, 26839604, 10586124, 22911069, 34141043, 58610124, 7708664, 20315507, 81232263, 10950520, 25491637, 99765016, 12746139, 33311540, 561725, 3054569, 2804729, 1082461, 5759981, 5610507, 1895082, 12980756, 11868849, 147550, 218396, 340997, 250126, 366997, 350065, 434407, 502088, 619212, 530052, 655017, 1378636, 1042695, 1345569, 2405030, 1817075, 2147408, 4100034
7, 343, 604, 15593, 1421, 1620, 6601, 23394, 4597, 9810, 35561, 35156, 337437, 106800, 96884, 375003, 227934, 190743, 387929, 34502752, 942182, 2219054, 61995288, 1431129, 3921851, 88264786, 2408192, 6266807, 67759976, 1522897, 4187729, 6306843, 13418779, 20061992, 9702416, 17426851, 25727611, 11508867, 22880076, 32445058, 58958706, 7877683, 19922490, 84136336, 10580664, 27804364, 100223375, 12667978, 32436760, 596693, 3068401, 2985548, 1069316, 5468177, 5755718, 2195013, 12273197, 11487811, 211303, 181090, 294604, 288014, 359048, 350393, 422594, 545953, 567507, 604940, 686411, 1401712, 977809, 1217515, 2543067, 1711154, 2263193, 4594881
8, 271, 552, 2195, 1418, 1633, 6960, 4500, 4634, 9718, 82417, 35606, 582582, 104567, 97725, 477786, 228478, 193574, 512830, 36055708, 1000047, 2250341, 59452707, 1393889, 4268197, 91489302, 2357242, 6282682, 63654681, 1671779, 4552520, 6278162, 14516494, 19863130, 9983108, 17558664, 26353662, 10960815, 23194443, 33237168, 61452289, 8260291, 19884782, 83288974, 9801218, 26403302, 105313385, 13486459, 33797945, 551041, 2804696, 2916477, 1009011, 5625011, 5256797, 1868470, 12717437, 11288338, 144780, 203676, 261007, 281776, 366059, 448083, 406009, 565253, 763184, 475764, 695764, 1378234, 1053441, 1341609, 2734543, 1851865, 2027175, 4357029
9, 278, 573, 2198, 1437, 1768, 6412, 4548, 4616, 9371, 34000, 34185, 324819, 94144, 109865, 369117, 250510, 193230, 477936, 37400708, 919806, 2426064, 59092633, 1847729, 4314701, 87365444, 2368418, 6440433, 65239035, 1517150, 4392715, 6896276, 15172491, 19734690, 8505254, 18516915, 25182982, 11013722, 23737537, 32679297, 56956680, 8045400, 20456972, 87463096, 10145322, 28053345, 99280340, 13087312, 33994774, 567823, 2961261, 2933493, 1201832, 5449517, 5459296, 1824959, 12518358, 11147815, 185775, 221830, 285022, 253895, 702315, 405315, 411982, 500389, 589133, 476142, 673611, 1324884, 1060239, 1264573, 3060828, 1798667, 2301264, 4457489
10, 274, 580, 2250, 1395, 1748, 7516, 4487, 4762, 10220, 33947, 34302, 615599, 108481, 78666, 310853, 323812, 195865, 380581, 35832646, 987880, 2642225, 60104763, 1481188, 4848000, 90912033, 2359636, 8175690, 66927465, 1527618, 4646708, 6624905, 13596513, 18693243, 8932118, 18341690, 26375782, 11177644, 22183216, 30387908, 56924097, 8126888, 20936941, 86684622, 9933900, 28262635, 101374289, 14053058, 33943401, 517624, 2752177, 2881147, 1511871, 5441173, 5375708, 1922800, 12058136, 11621515, 165728, 216551, 254328, 245884, 361462, 425603, 404995, 575331, 575698, 601018, 677080, 1474895, 1189365, 1259152, 2463662, 1688952, 2383780, 4577401
11, 280, 587, 2227, 1639, 2846, 8051, 4471, 4580, 9604, 35139, 37339, 430314, 76935, 73466, 355350, 200358, 241852, 309845, 34556673, 769436, 2762739, 61116343, 1507070, 4279672, 90389868, 2261222, 6418542, 65496902, 1474851, 4666823, 6611422, 14244495, 20182963, 9079473, 18963906, 26521833, 10706693, 23843439, 30742878, 57653653, 7975144, 18911053, 78379067, 10245689, 25164097, 97582726, 12622179, 33128437, 700472, 3232594, 2696557, 1115234, 5387767, 5121756, 1952683, 12606479, 12124354, 150770, 225521, 236362, 232705, 324376, 416790, 425557, 479961, 635172, 538491, 761457, 1253935, 1018777, 1406362, 2784094, 11200364, 2097383, 4528696
12, 273, 564, 2687, 2061, 1638, 6436, 4322, 4395, 9425, 33933, 34215, 335645, 95805, 107524, 374710, 170541, 175221, 359303, 35942250, 919391, 2486053, 59205743, 1794041, 4279032, 89498558, 2434925, 6107513, 63970603, 1513715, 4370746, 6371853, 13965198, 18635243, 8735364, 18145704, 25899594, 11127585, 22668531, 32708286, 58463181, 7624796, 19321700, 82505428, 10531339, 25867870, 100148133, 12720815, 35125416, 573021, 3372339, 2884765, 971199, 5328791, 5928114, 2549533, 13367268, 11613211, 148040, 238575, 276179, 268848, 343057, 391805, 393854, 538106, 629578, 488897, 862122, 1639073, 1160736, 1196349, 2824256, 1822923, 2113271, 4429270
13, 273, 564, 2321, 1492, 2790, 6845, 4361, 4651, 9271, 57083, 36802, 342505, 99329, 79761, 346950, 189188, 153213, 379455, 34086866, 925388, 2425626, 63276880, 1509461, 3897531, 84329397, 2363823, 6595360, 66957890, 1481823, 4260589, 7921122, 14094245, 19256364, 9158966, 19199078, 25718163, 12317217, 24075352, 30296416, 59111481, 9463105, 23143902, 83049077, 10599347, 28010773, 100400210, 12668555, 34577459, 678070, 2783317, 2643536, 1136546, 5466618, 5835189, 1972213, 12570286, 11535500, 133253, 233747, 245975, 306137, 352148, 418587, 385833, 524144, 672381, 503774, 605840, 1449870, 1086694, 1417041, 2870078, 1744955, 2056123, 4679515
14, 280, 578, 2196, 1540, 1657, 6470, 4349, 4450, 9453, 37674, 37561, 367983, 110170, 77641, 400470, 156074, 187650, 349024, 34681404, 956218, 2710525, 61170703, 1477852, 4730387, 86122477, 2394769, 5949219, 66177315, 1479029, 4594392, 6312653, 13401980, 20291759, 10113664, 17737232, 27438017, 11186641, 23838688, 33308542, 61263284, 7811444, 19001917, 78413024, 10537907, 25218893, 103853039, 13554926, 32538674, 518075, 2733343, 3041833, 1160996, 5957314, 5013471, 2005692, 11715923, 11041729, 168029, 239692, 277006, 287989, 347386, 413091, 573624, 560773, 629903, 461796, 697836, 1503554, 1055337, 1393913, 2694943, 1850276, 2060390, 4330606
15, 273, 558, 2194, 1591, 1619, 6616, 4428, 4440, 9595, 537902, 50297, 319082, 81290, 106094, 397725, 199748, 174220, 398902, 36779198, 968799, 2478096, 60381972, 1580657, 4274070, 87005977, 2458298, 6137962, 65249867, 1557447, 4345089, 6655982, 13782825, 18911494, 8630453, 17282259, 26365479, 11179534, 23409410, 32413423, 59099239, 7834828, 20655375, 78584322, 10226320, 26422159, 100178613, 12706107, 34416560, 518162, 2908578, 2731757, 1069645, 6314402, 6536938, 1872672, 12273571, 11845489, 168415, 190657, 270800, 276521, 330974, 394681, 470371, 556182, 627863, 2698672, 701531, 1501220, 1019761, 1363208, 2648597, 1822118, 2172335, 4409197
16, 266, 569, 2234, 1380, 1676, 6527, 4332, 4440, 9255, 36667, 64919, 456406, 87155, 113960, 312969, 207954, 246883, 304618, 35139157, 760532, 2346916, 57915313, 1464777, 4236286, 91158551, 2368424, 7098338, 65733231, 1552165, 4771775, 6850879, 14743328, 19856167, 9087317, 18058732, 26284717, 11569390, 22798826, 32645281, 57717334, 8058562, 20279929, 79092347, 11521978, 24685932, 103184366, 12532964, 35636191, 490416, 3119803, 2980326, 1368979, 5926837, 5770963, 2126654, 12591357, 11446216, 153398, 238526, 276941, 335230, 394134, 394062, 468528, 522812, 599316, 509162, 821202, 1581922, 1112849, 1235777, 2539437, 1917324, 2219445, 4760494
17, 266, 581, 2272, 1346, 1620, 9081, 4281, 4381, 9317, 48365, 66485, 362402, 93574, 76446, 511581, 151617, 152512, 323378, 36749928, 870292, 2232593, 61925256, 1549635, 4430643, 91355154, 2560963, 6387317, 63057361, 1463500, 4299082, 7648904, 13642773, 20024653, 10830397, 17555195, 25547540, 11396868, 26725329, 34650256, 58198938, 7388957, 21336911, 78740989, 9951897, 26497594, 100957872, 12324187, 34532250, 571640, 2793440, 2973506, 1026108, 5588875, 5293284, 1821889, 11842356, 11326469, 157646, 252406, 262783, 262949, 300989, 423208, 467853, 508598, 674565, 633520, 725269, 1529222, 1004183, 1172865, 2395070, 2166586, 1969073, 4261138
18, 281, 566, 2215, 1422, 1679, 6482, 4599, 4470, 9286, 34019, 35687, 375168, 76795, 92676, 447416, 153532, 173275, 388005, 34148673, 837621, 2274077, 61410342, 1523426, 5124226, 91585059, 2421047, 5696328, 62631082, 1674493, 4627194, 6633122, 14220990, 19693374, 8829008, 17924939, 26076959, 11173017, 22719529, 32546439, 89093590, 7972753, 19665840, 84049051, 10472447, 26907267, 99098523, 12672079, 32224090, 577997, 3012683, 2776606, 1031284, 6085118, 5488989, 1905168, 11355883, 11156340, 214850, 235657, 269219, 270909, 417274, 368582, 445812, 548409, 665046, 518487, 783789, 1813026, 1148285, 1408662, 2862662, 1691663, 1984307, 4384042
19, 269, 574, 2145, 1412, 1697, 6540, 4406, 4396, 9366, 35351, 54964, 399153, 110544, 100381, 448072, 164921, 188967, 308959, 35818367, 899801, 2402987, 61414320, 1420302, 4186280, 87265387, 2332858, 6134056, 66515200, 1689167, 4839709, 6337726, 13966026, 17915442, 8376955, 18326937, 27036580, 10657934, 22690272, 31904769, 62581495, 8708842, 20172783, 79336677, 10695574, 27491474, 102099707, 13051321, 33382459, 509053, 3509148, 2732109, 1004710, 6350529, 6729395, 1903986, 11633394, 11498252, 184782, 219498, 266484, 275754, 331698, 368306, 458624, 513251, 499642, 592831, 692585, 1525528, 1045403, 1315672, 3012090, 1739572, 2040136, 4283832
20, 264, 547, 2181, 1380, 1570, 6444, 4453, 4425, 9295, 49556, 53687, 338449, 92975, 87046, 434950, 152493, 152355, 386078, 32839749, 986930, 2369496, 63227364, 1573839, 3856831, 91886179, 2253282, 6575179, 68084830, 1563789, 4600887, 6440676, 13005893, 19880142, 9066228, 17729142, 24257012, 11615738, 22914029, 34594627, 56863553, 7818053, 20419861, 82179194, 10138556, 27733574, 102725721, 13052581, 34082058, 515487, 3003572, 2991951, 1086228, 5099016, 5922040, 2122739, 11499987, 12027689, 138375, 207670, 275594, 339825, 330399, 580633, 462908, 514615, 681145, 599590, 656809, 1358400, 1222400, 1283077, 2646890, 1860103, 2139871, 4493030
21, 271, 572, 2136, 1365, 1911, 6313, 4384, 4424, 9755, 37087, 36894, 339186, 89495, 95928, 388961, 189795, 190775, 402613, 33197253, 976950, 2440602, 58721666, 1645421, 4176885, 91038464, 2381247, 6428315, 66005283, 1563291, 5071805, 6342129, 13782159, 18826616, 8541093, 18384517, 27292826, 11049421, 24831854, 34974582, 55611212, 7971529, 20927604, 79221708, 10246603, 25479557, 100316597, 12163510, 34154978, 696682, 2972867, 2771489, 1005653, 5175521, 5197407, 1979423, 11563088, 12143142, 137525, 230348, 251186, 269230, 377447, 384855, 565599, 539832, 655115, 461165, 649880, 1330774, 1159413, 1479232, 2624329, 1931686, 2006970, 4028590
22, 267, 550, 2152, 1611, 1588, 6555, 4555, 4584, 9694, 50933, 34550, 438446, 87348, 150699, 313691, 153195, 151908, 306950, 33844820, 1167949, 3597910, 59012483, 1623969, 4040700, 89788740, 2304770, 6771687, 66467955, 1543851, 4623469, 6312407, 13160068, 22415100, 8684524, 18600427, 32524543, 11664868, 22414166, 35641494, 57906184, 7739529, 20359327, 85917380, 11499460, 25631917, 97230734, 13499512, 32747720, 602387, 2934637, 2870515, 987495, 5275547, 5552262, 2158021, 12597130, 11419993, 249270, 403545, 274925, 233823, 351490, 464600, 422510, 541643, 631308, 504082, 647483, 1488769, 1281145, 1275247, 2762095, 1834852, 2042169, 4194591
23, 332, 600, 2157, 1420, 1530, 24894, 4640, 4553, 9807, 36032, 50754, 375839, 74955, 77346, 365209, 192110, 172386, 366016, 34458332, 979364, 2342303, 60258983, 1630469, 4479184, 86414169, 2361356, 6178286, 65280846, 1583320, 4369841, 7533218, 12997853, 18922435, 9516199, 18136795, 26541707, 11473143, 23295507, 34984008, 59732063, 7973467, 19665719, 77003221, 12193792, 26635981, 96099865, 14077559, 32924671, 596996, 2961906, 3051984, 1023256, 5247725, 5736415, 1922831, 11644692, 11675715, 164943, 219179, 262001, 314709, 349650, 403524, 385006, 574999, 614554, 705984, 666587, 1402366, 1008258, 1271459, 2613468, 1752613, 2018335, 4398898
24, 263, 564, 2206, 1417, 1620, 6512, 4699, 4764, 9674, 52774, 50464, 332374, 101906, 110737, 368363, 155347, 258471, 394739, 34274447, 1020656, 2609353, 62761850, 1584299, 3878936, 87852914, 2398922, 6231782, 68508128, 1750126, 4578568, 7199014, 13361282, 19398559, 9052411, 17749550, 25468048, 10998793, 23487863, 34174614, 59313913, 7563710, 20938201, 85274597, 9961511, 28050505, 103081962, 11966542, 32875571, 526664, 3094755, 3736260, 1087490, 5158147, 5609077, 1992789, 12784198, 11394448, 147330, 246812, 263098, 252527, 364511, 397340, 462192, 538022, 672505, 503259, 789732, 1357345, 1007034, 1185498, 2764486, 1803708, 2041123, 4190435
25, 274, 550, 2126, 1449, 1549, 6340, 4879, 4389, 9337, 53442, 37048, 330857, 88506, 75818, 386707, 195386, 163115, 355242, 34325143, 901778, 2396795, 61239908, 1568929, 3867032, 86967790, 2389723, 6109275, 66169653, 1507403, 4505870, 6618423, 13258640, 19413730, 9042941, 18317114, 25872483, 11212126, 22977228, 33321920, 57480417, 8860257, 18070717, 87693945, 10550055, 26490202, 97939545, 12932093, 32758812, 632297, 2904273, 3005184, 1054053, 6086915, 6183820, 1872290, 11757634, 11165880, 150400, 261097, 224379, 302493, 364921, 389950, 415265, 507345, 686701, 530250, 941458, 1637285, 990976, 1149582, 2564481, 2006251, 1986881, 4226276
26, 268, 554, 2133, 1557, 1585, 24756, 4513, 22913, 9370, 49155, 35536, 371471, 92216, 77451, 349964, 167380, 156463, 395231, 33143907, 946644, 2426112, 61314903, 1654307, 4524148, 88858412, 2228907, 6351231, 64855609, 1595893, 4668248, 7476024, 12626052, 19368127, 8560122, 17624921, 26320924, 11609649, 22622481, 33080352, 61074653, 7807604, 21931956, 83272832, 11276802, 27331290, 101864409, 12947722, 32357411, 518144, 2673623, 3444313, 1648789, 5258441, 5183351, 1888108, 11377097, 12457661, 134025, 180974, 270056, 283837, 480975, 455090, 438403, 519203, 616950, 826043, 827979, 1715290, 1071472, 1346791, 2636085, 1757034, 2151399, 4227455
27, 266, 549, 2179, 1390, 1580, 30855, 4345, 4364, 9335, 36593, 35363, 344618, 72093, 74636, 455055, 172920, 174598, 350712, 35851549, 799808, 2430913, 60010326, 1652081, 4102684, 88744764, 2302001, 6229065, 65678295, 1545772, 4602979, 6471168, 13841652, 19903664, 8647978, 18870722, 26338614, 10485375, 22794108, 33280064, 58837842, 8090050, 21266032, 81064538, 10101131, 27363597, 101095279, 13440459, 33516394, 741458, 2824228, 3065834, 1077721, 5226674, 5753016, 1988952, 11484930, 11742270, 132730, 239379, 277834, 344216, 331359, 365259, 449798, 493687, 654942, 462683, 676780, 1439351, 1030484, 1267462, 2706576, 2206408, 1959033, 4209633
28, 274, 568, 2141, 1373, 1539, 6259, 4373, 4382, 9493, 47237, 34523, 378179, 76232, 78462, 323156, 243086, 175380, 334708, 35793897, 905781, 2333558, 63507726, 1682352, 4299982, 89478010, 2143429, 5762128, 66517481, 1505906, 5825534, 6489258, 13617586, 18746806, 8639678, 17896885, 29634521, 11026917, 21692010, 33575840, 56608590, 8096835, 18240295, 78684956, 9889066, 27017955, 102035944, 12472677, 34189735, 516883, 3037894, 3292354, 1075373, 5092173, 5466488, 1990842, 11573167, 11485649, 168717, 223428, 267419, 255430, 440822, 450984, 422384, 461115, 605780, 582087, 741716, 1360151, 970692, 1182056, 2740084, 1888341, 2063454, 4179511
29, 265, 547, 2144, 1313, 1581, 6182, 4330, 4446, 9372, 53792, 36567, 367516, 127898, 90741, 292824, 190873, 175908, 378623, 35044110, 924176, 2422464, 62334657, 1583574, 4302157, 87577526, 2262653, 5800997, 61962052, 1611884, 4620307, 7175916, 13151722, 21173851, 8637529, 18432314, 25912657, 12564842, 25289552, 33603782, 57318853, 7668324, 19734930, 79747878, 9945581, 28705920, 99141770, 13925533, 33950019, 520127, 3410231, 2845564, 1060894, 5561800, 5021817, 2285988, 11766441, 11953453, 166818, 206940, 302208, 632107, 365094, 419160, 430448, 498681, 687387, 654596, 665885, 1560066, 1034277, 1289580, 2675766, 1882906, 2167010, 4381701
30, 262, 551, 2136, 1372, 1516, 6318, 4406, 4345, 9339, 47945, 57291, 412811, 72240, 74329, 397589, 191664, 178062, 362970, 34033546, 945161, 2442418, 59477328, 1638764, 4277467, 86340254, 2299700, 6228467, 73285928, 1549577, 4262259, 7014310, 14665486, 19733514, 8569340, 18340285, 26731839, 10976154, 23258993, 34019033, 60380721, 8225817, 20824029, 88604762, 10233521, 29273140, 99281378, 12591012, 32140231, 569560, 2963093, 2838804, 1062082, 5487411, 5208435, 1909365, 12666193, 11288088, 204184, 204386, 239321, 265387, 420052, 431752, 492933, 541522, 644382, 462006, 614728, 1297237, 998872, 1311639, 2508868, 1637214, 2020546, 4717118
31, 270, 620, 2185, 1328, 1523, 6157, 4359, 4420, 9268, 35854, 49257, 284468, 76965, 117027, 392211, 160861, 172210, 487101, 33539245, 877288, 2311690, 60187016, 1596975, 4013075, 87586529, 2187643, 6358701, 63382411, 1489121, 4575979, 6912296, 14395567, 20298239, 9608421, 17968002, 27101579, 10740691, 22616872, 33471378, 59004252, 7817550, 19613669, 83125786, 10918916, 27089000, 96905438, 12553208, 33050847, 562432, 2930548, 2982111, 1034041, 6633526, 6010492, 1832758, 12358091, 11152835, 149355, 226195, 296342, 232830, 422274, 432373, 448081, 507148, 614529, 507153, 622416, 1429614, 1004008, 1332375, 2627495, 1924112, 1997795, 4171764
32, 266, 565, 2131, 1339, 1525, 6138, 4339, 4346, 10049, 36611, 35209, 296977, 77193, 72337, 547406, 195341, 173364, 427005, 42116279, 902207, 2306027, 60964374, 1595950, 4362844, 90713703, 2343738, 5625181, 63334297, 1553331, 4255807, 6570788, 13301573, 18377153, 9227587, 17830926, 26179582, 13881414, 23503255, 33260733, 58122134, 8179080, 18491046, 82585335, 10796067, 27717700, 97943397, 12667325, 37125869, 529950, 3119498, 2872117, 1243486, 5457277, 5577160, 1797585, 11062110, 11926882, 147862, 234096, 241138, 232456, 329291, 405086, 437380, 565597, 660590, 461954, 662801, 1374032, 987680, 1404807, 2848117, 1730850, 2075260, 4126082
33, 266, 556, 2139, 1373, 1514, 6165, 4357, 4277, 9089, 34993, 35534, 439596, 74586, 72797, 358293, 190302, 192404, 447269, 39106186, 885843, 2399276, 61645333, 1849806, 4437452, 88276709, 2335668, 5646511, 62764195, 1606489, 4593635, 6410094, 13876237, 20672272, 8591936, 18975603, 26227838, 11312741, 24222558, 34910494, 60132193, 6951654, 19592377, 81471274, 10709408, 26648445, 97494398, 12360497, 35018941, 702259, 2818769, 2957260, 1234376, 5504356, 5197157, 1928230, 12584509, 11899806, 170133, 276990, 246654, 293836, 329981, 435905, 423416, 546505, 550731, 506893, 876287, 1378531, 1040930, 1295489, 2711695, 1751060, 2180646, 4390258
34, 266, 548, 2181, 1370, 1582, 6184, 4266, 4448, 9002, 37180, 35245, 340129, 111804, 87254, 360659, 217217, 190870, 430051, 35767884, 888998, 2242358, 59980419, 1566835, 3931144, 86550844, 2343635, 5407374, 63867460, 1504527, 4550766, 7333062, 12670234, 18974996, 9147090, 19555947, 26655267, 11080376, 23069376, 34516829, 58741951, 7147558, 20363959, 78446654, 9964453, 27149754, 100697739, 12901952, 32265187, 545699, 2838787, 3038947, 1015673, 6118105, 5288653, 1900390, 11576668, 11167300, 164829, 189778, 260919, 271905, 378925, 348424, 408272, 526603, 616899, 665264, 721753, 1294603, 1108677, 1444188, 2999136, 1705505, 2005476, 4191522
35, 272, 588, 2195, 1297, 1527, 6110, 4277, 4250, 8962, 35090, 35182, 289450, 77445, 76779, 356061, 182218, 221079, 391134, 34259614, 903837, 2539957, 59935540, 1590880, 4433828, 88060801, 2301928, 6209209, 66906893, 1532839, 4667680, 6877699, 13510474, 19323165, 9384697, 18763416, 26660428, 10992527, 22677112, 34561506, 61098860, 7740174, 18827812, 79803104, 10240987, 27345351, 99135024, 12629122, 32366064, 601186, 2761928, 2963850, 969548, 5467572, 5365763, 2157202, 12715920, 11202810, 151815, 221495, 318748, 232891, 357378, 444122, 445871, 627761, 598941, 546317, 622155, 1536446, 944745, 1239145, 2547253, 1829998, 2322715, 4144673
36, 271, 569, 2257, 1372, 1556, 6219, 4373, 4392, 9377, 54079, 36414, 398171, 76055, 72444, 458244, 195618, 203796, 447994, 34281426, 896642, 2632830, 56015720, 1716189, 4216930, 90016897, 2479288, 6082648, 69832121, 1446810, 4338208, 6553067, 13184414, 19163321, 8569998, 18062659, 28217603, 11580865, 23154766, 35223144, 60826126, 7801557, 20349407, 83489787, 10340084, 25801530, 100066735, 12888194, 34101726, 495710, 2692337, 3029310, 977275, 5250840, 5382570, 1944587, 11391706, 11295214, 184890, 233283, 308860, 308708, 342538, 437613, 482574, 564009, 677920, 464380, 624515, 1498623, 1000542, 1262125, 2643362, 1828896, 2361588, 4193177
37, 385, 614, 2238, 1450, 1524, 6181, 4352, 4422, 22307, 36123, 56755, 338263, 115671, 129498, 327642, 241675, 235262, 407455, 34698828, 858460, 2460520, 58435385, 1646708, 4245360, 94360268, 2450257, 6303991, 65530985, 2065341, 4995849, 6406431, 13846606, 19928020, 8293578, 17753675, 26068576, 11675997, 22250288, 33153997, 56663991, 8126606, 21855383, 79834522, 10572905, 27071334, 99911546, 12672074, 35298656, 518605, 3069278, 3127479, 1006691, 5487622, 5502242, 2083400, 11523899, 11528512, 167756, 208283, 265647, 281301, 411077, 400849, 458680, 512179, 596146, 515246, 658445, 1559606, 946852, 1184777, 2477040, 2026672, 2201095, 4175229
38, 472, 665, 2770, 1439, 1529, 6379, 4257, 22821, 9212, 36764, 49651, 387766, 87122, 96655, 326288, 200488, 190062, 438081, 35195158, 879738, 2504997, 59203620, 1626029, 4161670, 87524705, 2385724, 6251282, 63410866, 1505196, 5168450, 6346325, 13743592, 22418842, 8620992, 19637837, 26509598, 13219275, 23081000, 32706172, 57691692, 7851894, 18844183, 81325467, 9940543, 27741771, 99604519, 13419892, 32931162, 583225, 2831789, 2996918, 1083341, 5239645, 5064719, 1949751, 11754356, 11705241, 179631, 222180, 232281, 233650, 500975, 368807, 478973, 542385, 672306, 513689, 686654, 1547594, 944534, 1254924, 2724334, 1695834, 2061568, 4240714
39, 276, 582, 2217, 1424, 1567, 6384, 4398, 4358, 9279, 38593, 35413, 283874, 84118, 72690, 306818, 168939, 184216, 428979, 36092208, 951771, 2567312, 58799284, 1639063, 4208565, 85996641, 2304871, 6445467, 63253141, 1579945, 4578580, 6664474, 12576466, 20732842, 8734144, 16930915, 26425099, 10918077, 22769821, 33745920, 56541025, 8265601, 19470629, 79799147, 10351908, 27874182, 100404363, 12928980, 31613678, 561553, 2881477, 2858568, 971905, 5028992, 5031072, 1932602, 11771451, 11392687, 163598, 233470, 262730, 286655, 293618, 419172, 420839, 452860, 634682, 583068, 810204, 1437711, 1035995, 1321956, 2748826, 1690461, 2063921, 4491875
40, 13495, 554, 2186, 1411, 1576, 6406, 4238, 4290, 9327, 34889, 35134, 363550, 79869, 96663, 497528, 189449, 194359, 363600, 36231190, 932519, 2913191, 60720872, 1725258, 4345875, 86426623, 2411443, 6464584, 65220613, 1523416, 4821679, 6805646, 13046746, 19537914, 9917680, 18710152, 28051384, 10831198, 22607131, 33575343, 55912687, 7769365, 20456656, 79918112, 10252534, 30268729, 101961807, 12859799, 34581366, 517067, 2863426, 3105741, 1003585, 5574025, 5039004, 1989030, 12264505, 11006945, 179125, 208735, 246982, 232405, 293429, 467075, 434130, 632535, 589101, 512007, 653980, 1392514, 1152057, 1307058, 2617199, 1795424, 2126317, 4267295
41, 268, 558, 2209, 1372, 1690, 6439, 4414, 4417, 9501, 63988, 55938, 301023, 78797, 94277, 383931, 159390, 158880, 348827, 38465368, 894139, 2259536, 62511484, 1601494, 4409907, 88200353, 2343761, 6316024, 66591761, 1522934, 4442290, 6823280, 14038908, 18337829, 9106201, 19866629, 26028437, 11546219, 22545638, 33239898, 83304235, 7762835, 20702601, 84151094, 8769935, 28486741, 100963063, 12548477, 35889424, 615523, 3020752, 2818725, 1001935, 5321195, 5065732, 1806416, 12914352, 12144374, 180150, 220177, 312251, 346981, 331099, 362564, 460407, 527216, 569571, 550617, 650331, 1504582, 9280814, 1535838, 2669850, 1944484, 1988028, 4261069
42, 271, 565, 2172, 1453, 1546, 6666, 4410, 18228, 9066, 35053, 37086, 285215, 81466, 98880, 368787, 158092, 173718, 400798, 35471742, 977145, 2461149, 59725212, 1673860, 4263588, 91174589, 2345223, 6333457, 69262928, 1703598, 4395778, 7352921, 13061721, 20796936, 8630969, 18399098, 25321488, 10922928, 22371564, 33445798, 57102553, 7747256, 20245357, 82530963, 9744540, 28280307, 100022956, 12511836, 33308376, 528462, 2939931, 2948737, 969705, 5778953, 5263899, 2207587, 12170410, 11469167, 167675, 219783, 261603, 261752, 339420, 438254, 569658, 526531, 571777, 556848, 762022, 1506150, 1035354, 1359979, 2723471, 1896308, 1978044, 4420150
43, 251, 544, 2087, 1486, 1598, 6460, 4215, 4281, 9056, 35015, 35846, 342000, 88815, 94842, 389443, 174285, 157217, 355674, 35610215, 777068, 2275382, 62767665, 1736287, 4025957, 88947561, 2305857, 6215709, 64245800, 1604005, 4658104, 6895200, 13216041, 19821630, 8496169, 18955767, 26501941, 11041932, 22907842, 35016059, 56086494, 8044677, 19786460, 84263751, 10239285, 26291648, 103259502, 13107349, 32781513, 507885, 3073771, 2803852, 1021996, 5093039, 5786737, 1900383, 12127049, 11686312, 167258, 233902, 281678, 276250, 369353, 454507, 470587, 506014, 555031, 508870, 780689, 1398654, 1011796, 1322124, 2546836, 2014862, 2149245, 4344971
44, 260, 535, 2110, 1342, 1555, 6654, 4339, 4411, 9342, 49999, 40746, 371984, 72584, 80660, 295235, 153457, 194421, 380386, 34011671, 1080657, 2546009, 56983178, 2111343, 4349312, 87972592, 2400555, 5831724, 65774672, 1521921, 4605282, 6671756, 14010664, 19316080, 8948399, 18877720, 27316711, 12055281, 22613733, 33252932, 88915065, 7512609, 19530776, 87568072, 8921147, 28032777, 104312362, 12584630, 33644135, 534419, 2965444, 2723173, 1084540, 5276394, 5415634, 1939455, 11460925, 11298997, 167663, 223920, 223581, 259175, 338357, 395014, 421035, 480727, 623012, 640192, 955367, 1373423, 1177231, 1227236, 2700561, 1844245, 2084998, 4481846
45, 264, 551, 2190, 1370, 1558, 6339, 4419, 4380, 22130, 50952, 36497, 364034, 73092, 95761, 443403, 158608, 157540, 317440, 34635183, 899476, 2533909, 58435876, 1629299, 4144524, 88400436, 2304638, 6342921, 63986521, 1529147, 4865218, 6451157, 13304484, 18587797, 8576764, 18073993, 25608802, 10698532, 22646711, 33065541, 58116536, 7623912, 18021839, 82660307, 9840383, 28505950, 99635168, 12413045, 33689685, 488576, 2763067, 2792705, 1101733, 5260942, 5378921, 1980640, 11686055, 12172833, 152129, 220291, 287129, 249026, 338823, 430044, 543124, 535342, 640956, 661629, 692585, 1418502, 989334, 1320817, 2720688, 1679383, 2051919, 4208759
46, 259, 535, 2085, 1365, 1580, 6534, 4253, 4300, 8983, 38497, 55794, 342348, 190107, 134355, 448305, 168825, 185391, 313877, 34651465, 993005, 2633298, 57605382, 1638982, 4068564, 87500833, 2493364, 6067929, 64121658, 1547680, 4383748, 6922856, 13878314, 20503406, 9994838, 17731405, 25158459, 11037819, 22328096, 36429168, 58080823, 7386849, 18747543, 84865938, 10816943, 25482257, 102619251, 12948718, 33120574, 732123, 3067654, 2759586, 1132674, 5219769, 5525547, 1964975, 11895186, 12384774, 132215, 234034, 321068, 274908, 489613, 360793, 379321, 465130, 611566, 500478, 684580, 1302158, 1068673, 1190061, 2546657, 1860401, 2105016, 4590925
47, 258, 540, 2206, 1448, 1541, 6452, 4206, 4250, 8981, 49148, 35272, 390153, 89857, 227610, 364965, 158083, 159205, 361455, 35047260, 899368, 2524504, 60482481, 1579464, 4418625, 91059068, 2372196, 6175417, 64287903, 1517009, 4469886, 6444947, 13121521, 20612325, 8678951, 18100804, 27378682, 11095596, 22648711, 32638373, 61591148, 8196303, 21300094, 84754669, 10323226, 27377197, 101201223, 13228168, 34755041, 636189, 2971429, 2755592, 1045313, 5404214, 5128612, 2274395, 12281079, 11688603, 261419, 231809, 270946, 257677, 396813, 403553, 425312, 517590, 595320, 539775, 606272, 1598540, 1026714, 1307016, 2669182, 1873303, 2063898, 4259281
48, 258, 535, 2247, 1509, 1537, 6706, 4262, 4325, 8978, 50275, 35339, 326122, 75059, 159546, 380031, 160057, 156692, 322302, 35364018, 777039, 2458312, 61845491, 1672447, 4198863, 86817813, 2390403, 6198263, 63910131, 1369372, 4129944, 6392246, 13282934, 20100085, 9295942, 18568833, 26168651, 10536099, 23129481, 32948601, 59001442, 7919381, 20645500, 82779068, 8588658, 27724429, 101774557, 21662718, 34201565, 490520, 2778904, 2773027, 1007525, 5433830, 6238513, 2185607, 12365771, 11563504, 131515, 181273, 223301, 255681, 356406, 418781, 495201, 534814, 575425, 599971, 643603, 1648374, 970830, 1182583, 2585534, 1747789, 2220837, 4520636
49, 263, 547, 2102, 1507, 1562, 6339, 4189, 56627, 9872, 36314, 38253, 380297, 88216, 96543, 364889, 191067, 231401, 442046, 34150905, 881442, 2565760, 61768901, 1581984, 4088718, 90206876, 2508468, 5721305, 69628200, 1883803, 4249639, 7167616, 13782867, 18374699, 8539074, 18782946, 26710570, 10369907, 22476752, 33628329, 84958828, 7658979, 18229555, 87034477, 9769877, 26935570, 100528453, 12717190, 34328503, 560754, 2676457, 3284283, 1261321, 5234171, 5117092, 1934495, 11193554, 11013650, 185880, 217287, 264082, 286485, 384527, 362243, 584790, 584444, 519960, 534417, 654333, 1437922, 1052227, 1270821, 2748618, 1779908, 2138314, 4320848
50, 317, 589, 2150, 1362, 1586, 6268, 4500, 17612, 9301, 37015, 36793, 352548, 106483, 78669, 365461, 252347, 296883, 325373, 36878393, 868555, 2536111, 60204894, 1610051, 3981615, 86958806, 2375959, 6176464, 63631587, 1482878, 4510344, 6162636, 14231462, 21730075, 10001116, 19471182, 26619630, 11483671, 23841552, 35555217, 57181022, 7983289, 20169601, 75127318, 9785749, 27703652, 101616860, 12934619, 34358963, 518621, 2791295, 3019506, 1290884, 4963289, 5281860, 1805847, 11734748, 11281365, 178877, 184035, 221886, 255522, 307109, 419192, 469428, 518521, 776776, 502757, 616150, 1335795, 1066932, 1282635, 2789515, 1778995, 2032371, 4373373
51, 262, 535, 2083, 1444, 1577, 6565, 4395, 4509, 9645, 68298, 43088, 409460, 105456, 126553, 364192, 168051, 210413, 348815, 34372635, 900505, 2519992, 59462570, 1522116, 4035315, 88328396, 2319760, 6144068, 67580021, 1550214, 4630336, 7027408, 14392723, 18640107, 9266815, 18578375, 27344909, 12368510, 22174485, 33665813, 57573271, 7711430, 21000675, 86073053, 9608851, 26419863, 100166456, 13079717, 32671673, 603086, 2816646, 2844729, 1088812, 5465913, 6541882, 2096070, 11386751, 11444991, 130963, 209867, 244623, 421992, 362435, 365104, 561475, 433088, 543542, 541958, 696454, 1324999, 961599, 1340562, 2606532, 1737960, 2226160, 4070156
52, 263, 551, 2140, 1408, 1566, 6332, 4584, 4439, 9372, 35910, 35210, 338355, 73038, 74775, 368391, 156666, 177195, 335611, 34322105, 932023, 2387229, 60431512, 1571827, 3901325, 89733399, 2410681, 6171686, 64889436, 2253993, 5164167, 5966066, 15110841, 20140326, 8398955, 17714529, 25969460, 10686963, 22374387, 34399559, 58918219, 8150944, 20892305, 80594412, 10989680, 28531982, 100613077, 12144311, 33523097, 518858, 3250576, 3095359, 1090588, 5329771, 4986156, 2117659, 11386487, 11562278, 149243, 242513, 306718, 330184, 323804, 439328, 414046, 433795, 576438, 576028, 684921, 1499288, 1018346, 1320288, 2498818, 1698219, 2689640, 4328908
53, 257, 533, 2125, 1349, 1554, 6155, 4279, 4394, 9388, 37868, 48221, 330835, 121572, 86072, 355010, 153514, 151557, 386274, 36702763, 814620, 2430224, 60093134, 1777713, 4195809, 88149102, 2373466, 5850648, 63099827, 1606817, 4162984, 6393358, 13961084, 20396098, 9733122, 18167016, 27014568, 11236720, 23529170, 33518638, 59505886, 8203905, 19585807, 78071503, 10181359, 26072495, 103158489, 12198699, 34492085, 492618, 2928316, 2773258, 1003351, 5113411, 5611487, 1916468, 11414951, 11436071, 157067, 218574, 294753, 291746, 379108, 399006, 519392, 502271, 551506, 550394, 718419, 1440355, 1074967, 1309407, 2630266, 1767085, 2040838, 4203888
54, 262, 546, 2133, 1298, 1546, 6426, 4519, 4509, 9693, 50275, 35700, 290566, 96551, 85849, 363580, 185358, 166534, 380221, 34950962, 869269, 2522870, 60817933, 1596663, 4250331, 87093974, 2183821, 6068594, 64336457, 1498838, 4547653, 6355150, 14537390, 20429468, 10617325, 17675263, 24661437, 11468735, 22913539, 33786760, 56722983, 7685964, 19867513, 79977343, 10561900, 33088385, 100484583, 12373870, 33801148, 507101, 2819262, 2866949, 1011068, 5315055, 5124090, 2077941, 11503029, 11730837, 149788, 226562, 317280, 300167, 315609, 391704, 391275, 454599, 568320, 462252, 614470, 1901187, 978177, 1307015, 2570876, 1862999, 2004724, 5102051
55, 267, 549, 2177, 1506, 1586, 6351, 4445, 4617, 9654, 34919, 35535, 344132, 79767, 75066, 388099, 204860, 178930, 325078, 34641633, 868084, 2676529, 58134454, 1803589, 4032579, 87594709, 2263760, 6098152, 63584126, 1640618, 3982777, 7086349, 14348230, 19156906, 9178052, 18471624, 26792602, 10690095, 24522650, 34106556, 60597809, 7844981, 19128919, 93002130, 11570124, 29302374, 99120397, 12362368, 32471377, 516578, 2743456, 3026216, 1176578, 6114462, 5425126, 1949203, 11482789, 11827553, 167353, 229859, 276339, 264341, 382796, 425666, 371401, 489692, 600823, 540295, 817476, 1392810, 1017093, 1279937, 2431201, 1833402, 2258119, 4093121
56, 429, 570, 2144, 1405, 1564, 6330, 4382, 4654, 9696, 48986, 62266, 297360, 139756, 233686, 394724, 162923, 187846, 372082, 33403623, 858169, 2501934, 60317799, 1555673, 5478360, 90554914, 2362072, 7275996, 67039770, 1497487, 4841483, 7603246, 13704302, 19155255, 8869936, 18035064, 26631537, 11530040, 23291735, 33111962, 56792470, 7679749, 19481956, 79450021, 11305906, 27405323, 99632961, 12441234, 33416301, 599382, 3240938, 3052234, 1064454, 5408239, 5723670, 2187584, 11481596, 12075595, 166330, 220294, 320812, 310083, 362722, 385321, 403929, 596301, 629983, 521789, 623708, 1571427, 1021883, 1277225, 2505621, 1758504, 2114384, 4145322
57, 262, 556, 2164, 1393, 1560, 6516, 4605, 4469, 24504, 83435, 67544, 362532, 97374, 77003, 531725, 156820, 189803, 343926, 35375846, 1145766, 2471119, 57703127, 1641071, 4221258, 88894601, 2447163, 6056364, 63909906, 1623260, 4493387, 6365765, 13478310, 20700383, 9099352, 18949836, 27086053, 11015789, 22593399, 35621018, 54911621, 8064567, 22315008, 82345257, 10348188, 25863014, 101958750, 12578027, 33563226, 520675, 2774094, 2987205, 1089534, 5192316, 5145741, 2017252, 11520693, 11934993, 132950, 204029, 234498, 286738, 368247, 442643, 455569, 448691, 589826, 461373, 699200, 1305282, 985591, 1248409, 2761126, 1736814, 2110711, 4344003
58, 318, 552, 2143, 1384, 1582, 6314, 4251, 4307, 9034, 72229, 36230, 319081, 102259, 143382, 373697, 171648, 155954, 334288, 34528703, 888275, 2172641, 60329219, 1874991, 4391795, 87822677, 2222984, 6052185, 64299424, 1691610, 4382027, 6564449, 13832515, 19636771, 8482191, 18344745, 26874138, 11808190, 24335014, 33345576, 60711010, 9781868, 20762233, 80992662, 10353486, 26151896, 97387390, 13400821, 33619848, 530136, 3174801, 2687659, 975246, 5403350, 5059338, 2216033, 11343599, 12131409, 198240, 218361, 296649, 305779, 380592, 490914, 421862, 533610, 582263, 630965, 655176, 1417198, 971860, 1228747, 2632048, 1765070, 2101981, 5635180
59, 270, 549, 2142, 1308, 1559, 6432, 4207, 4459, 9656, 36989, 36339, 303965, 77790, 73505, 311688, 171736, 172169, 326063, 35312278, 777576, 2301773, 60287658, 1597907, 3974806, 88911552, 2364770, 6046747, 63562921, 1562442, 4549561, 7204413, 13565730, 20694654, 8952955, 20655927, 27780721, 12739433, 22683065, 30952312, 57589458, 8235833, 18641317, 82912296, 9681795, 29224923, 95242879, 14307225, 33134664, 534128, 2804173, 3270266, 1116934, 5519581, 5242071, 2206947, 11838412, 11614538, 195298, 293202, 260614, 275655, 351918, 366285, 455105, 532279, 587375, 602536, 632524, 1891895, 990725, 1318279, 2657703, 1695884, 1991252, 4248778
60, 257, 542, 2101, 1338, 1579, 6384, 4290, 24269, 9333, 36861, 80602, 284956, 103810, 101310, 476551, 193579, 159267, 358189, 33946647, 915594, 2715525, 60152062, 1535324, 3960771, 87574101, 2391799, 6091130, 62906742, 1401333, 4236762, 6511695, 13484658, 18848232, 8974979, 18199754, 27215869, 12097738, 23257261, 31373437, 68777251, 8330576, 19219014, 77352465, 10398172, 27281430, 100717592, 12270926, 34411222, 517665, 2980510, 2975242, 1055276, 5680083, 5280862, 2438069, 12301400, 11352283, 184468, 207285, 262733, 274987, 404387, 436493, 371486, 516917, 648862, 461525, 738582, 1405749, 1114520, 1282502, 2607913, 1685416, 2193157, 4498862
61, 256, 544, 2104, 1329, 1573, 6371, 4712, 24610, 9951, 35064, 37017, 409193, 118133, 94457, 438485, 151766, 158524, 371049, 33627830, 877942, 2621876, 60751226, 1599349, 3828338, 86481874, 2423444, 5774760, 63422888, 1684057, 4427642, 6980068, 13617666, 20398030, 8987455, 17630428, 27920728, 10620929, 24222596, 32917165, 59532001, 7569414, 19722555, 78711959, 10011443, 25339270, 101937147, 12598953, 34525387, 528167, 2759620, 2889516, 1022985, 5403250, 5236110, 2063554, 12482577, 11892270, 186687, 216242, 320277, 465342, 509804, 351150, 395289, 503155, 856501, 470596, 716236, 1394175, 1053368, 1183014, 2520120, 1749658, 2107713, 4463839
62, 257, 554, 2125, 1351, 1556, 6353, 4572, 4734, 9683, 54750, 36756, 350469, 171231, 78483, 336199, 179980, 207997, 420279, 32812540, 870507, 2258800, 60434973, 1594622, 4175576, 87654671, 2977772, 6388609, 62730516, 1596299, 4405934, 6343365, 14280545, 18586787, 8693158, 17926249, 25700601, 11458075, 21436327, 31427986, 59438884, 7281888, 20576784, 79855045, 10334831, 26849139, 101688571, 13095386, 34196816, 567115, 2774315, 2770283, 1072260, 6195783, 5307667, 1974333, 11445492, 11526251, 165329, 242001, 282279, 313928, 328252, 730385, 452937, 451088, 592868, 490639, 648465, 1401485, 1151655, 1216237, 2765314, 1885556, 2145748, 4250503
63, 299, 551, 2103, 1311, 1582, 6432, 4669, 4573, 9958, 67939, 70903, 433206, 97690, 79465, 356909, 292401, 207438, 358986, 34558540, 1051155, 2568616, 62249164, 1622400, 4184607, 89250288, 2526586, 6255679, 67390829, 1479880, 4181853, 6699983, 14074964, 19930872, 8613834, 20452916, 26868588, 11168676, 23493644, 31742860, 58675244, 6870655, 21684345, 75665250, 10841157, 26600559, 99011502, 13144666, 32762405, 515810, 3089521, 2819645, 1022453, 5142822, 5296541, 2250679, 11762391, 11668008, 173976, 184268, 242494, 234001, 335334, 461217, 376571, 550486, 596226, 465503, 677465, 1369102, 1018994, 1280255, 2494778, 1813954, 2038971, 4267162
64, 258, 538, 2135, 1330, 1592, 19586, 4533, 4411, 9337, 41507, 36485, 492864, 77827, 79761, 316144, 179347, 205780, 419543, 40128613, 845264, 2260506, 62018077, 1574129, 4223802, 87751636, 2374060, 5890360, 64299859, 1502679, 4790066, 7056949, 13468833, 19414978, 8766848, 18339648, 27384359, 10716547, 22485997, 32440218, 61907200, 7654154, 20041436, 81076136, 10930983, 25147296, 101565680, 12291089, 34084983, 613090, 3054674, 2647380, 1074677, 5470437, 5491431, 2166639, 13769761, 13281095, 149003, 252813, 240230, 257947, 386649, 508506, 371270, 477447, 614067, 504526, 637579, 1454742, 1000831, 1203788, 2447841, 1757126, 2097159, 4728773
65, 258, 532, 2084, 1372, 1629, 6248, 4380, 4478, 9245, 36744, 35185, 362192, 78573, 83043, 316763, 168642, 295729, 329996, 33236587, 1242973, 2591090, 60844243, 1598886, 3796016, 85992735, 2389921, 6092370, 63916499, 1712014, 4741525, 6315718, 13951048, 19677348, 8762857, 20367429, 26083589, 10940572, 24369745, 35139618, 57751477, 8205088, 19860554, 75361101, 10587072, 24774768, 99869235, 12485642, 34471748, 572250, 3014993, 2813105, 979087, 5396538, 5757500, 2937900, 12068236, 14141571, 149775, 232992, 284791, 274706, 398870, 427457, 410891, 504546, 563816, 495565, 669724, 1432903, 972511, 1180929, 2619762, 1966438, 1998547, 4437075
66, 262, 549, 2265, 1328, 1574, 6466, 4574, 4830, 9685, 34948, 35202, 287986, 77139, 80802, 346069, 185302, 188154, 355794, 36239223, 969294, 2551608, 60069635, 1610631, 4111041, 86597393, 2334897, 5988206, 64371739, 1626186, 4541949, 6890262, 13449552, 20910020, 9349134, 20154360, 25648230, 11377487, 23511992, 32529493, 54416340, 8018101, 20010819, 82056123, 9995113, 26278055, 98560203, 13558423, 33801480, 838474, 3082184, 3020993, 1090585, 5094463, 5458046, 1943439, 11182738, 11723018, 137224, 238745, 314510, 288150, 309024, 418559, 441128, 476471, 704264, 524749, 639420, 1355488, 1027957, 1304779, 2636565, 1882237, 2149853, 4464268
67, 261, 539, 2095, 1383, 1632, 24961, 4451, 4621, 9489, 36481, 35266, 382870, 122029, 80878, 306094, 188059, 175403, 353420, 34805693, 867000, 2607559, 58905543, 1620620, 4151435, 88083802, 2333594, 6088480, 64506099, 1591115, 4158457, 6729555, 13490876, 20499280, 8550169, 18543028, 25425283, 11037147, 22424085, 32755621, 57689423, 7972172, 18899512, 88423176, 10785460, 26085216, 101768392, 13903545, 33382158, 569434, 2809781, 2939690, 1115243, 5221621, 5652076, 2180176, 12452742, 11694759, 161481, 210634, 285221, 255643, 390533, 429257, 445219, 729186, 518395, 476737, 686506, 1524907, 1110469, 1230024, 2533588, 1762431, 2132325, 4379691
68, 260, 533, 2108, 1476, 1554, 19376, 4361, 4506, 28900, 36413, 39859, 296128, 74059, 76162, 382427, 163089, 160862, 325700, 36076348, 868319, 2912053, 59476778, 1572000, 4014455, 87538667, 2237717, 5782930, 64636815, 1548347, 4206266, 6550725, 13980320, 19600323, 9125397, 18661435, 27417400, 11634275, 23169915, 32292845, 57670037, 7739132, 19933461, 82232510, 10026380, 25238171, 100084781, 12801626, 33810974, 517132, 3805130, 2859815, 1012909, 5284398, 5761162, 1916213, 11746860, 11567612, 150587, 214311, 255102, 276393, 409633, 389665, 417492, 502164, 559337, 520281, 853633, 1611689, 1058576, 1186126, 2636015, 1731050, 1971527, 4583670
69, 261, 545, 2108, 1297, 1563, 6398, 4955, 4428, 9316, 34919, 64039, 301436, 77534, 81034, 312433, 186390, 212847, 325634, 36686521, 781111, 2434944, 60397091, 1632614, 4382419, 86685468, 2231630, 6406728, 64670604, 1583436, 4581561, 6761940, 14346003, 17842673, 8669465, 19956158, 27189918, 11433521, 23055841, 33663622, 58276177, 8132912, 22412268, 89288643, 10289762, 27303066, 101338031, 13364661, 33770876, 608246, 2774470, 2850652, 1035520, 5510104, 5054474, 2026483, 11505279, 11591004, 162636, 247257, 231647, 255061, 371308, 473231, 457594, 489120, 583783, 615386, 631361, 1428263, 1007154, 1204905, 2652789, 1833256, 2078889, 4202134
70, 262, 549, 2107, 1386, 1565, 6339, 4435, 4472, 9451, 63592, 91050, 285557, 76398, 80299, 336239, 164299, 246885, 348726, 33242385, 933362, 2591621, 59664975, 1624548, 4319039, 87992172, 2277910, 5814778, 67434990, 1552393, 4483192, 5968747, 13195535, 19456239, 9242329, 19495296, 24351176, 11309912, 22175938, 31622972, 62369539, 7702643, 19405084, 77625222, 10269662, 26942389, 101015817, 13158927, 32463126, 880644, 3132612, 2863526, 1049960, 5418483, 5031391, 1868573, 11639979, 11242651, 152648, 221135, 275796, 256600, 384986, 365815, 409574, 512242, 572393, 492742, 780959, 1549693, 1085167, 1272989, 2609438, 1816997, 2187771, 4195786
71, 12880, 571, 2142, 1314, 1574, 6439, 4405, 4350, 9368, 36283, 71850, 381904, 78127, 94859, 420271, 158474, 197255, 551623, 35055530, 918183, 2530150, 61667580, 1611746, 5412578, 87213757, 2416038, 5517465, 63772377, 1528915, 4102665, 6947302, 13910549, 18381979, 8395797, 18155493, 25238632, 11025828, 24645139, 31843839, 58219565, 7766226, 20241508, 79816589, 10621340, 27565994, 100869022, 13114627, 33496766, 594467, 2683336, 2715382, 1166779, 5259466, 5436700, 1894150, 11753524, 11318232, 132175, 221456, 271582, 270816, 352257, 465058, 387484, 475202, 530789, 584737, 730624, 1449834, 988499, 1185524, 2536286, 1689092, 2076627, 4277044
72, 270, 542, 2179, 1378, 1602, 6276, 4463, 4284, 8994, 47686, 114681, 346485, 81081, 109816, 404723, 260224, 206919, 332312, 34877078, 929834, 2664089, 60267593, 1634421, 4042243, 88254176, 2236471, 6088799, 62032009, 1518132, 5067545, 6215067, 15555879, 20333357, 9233569, 19896151, 27279504, 11785066, 23689760, 34956730, 55800036, 7725070, 19761985, 80966742, 10268263, 25663603, 101583203, 12482222, 33897961, 595788, 2859675, 2866123, 1049398, 5622385, 5344991, 1899585, 11656884, 11274233, 165439, 185158, 239296, 288076, 400505, 425160, 462087, 530685, 691336, 639584, 694836, 1435004, 971115, 1227095, 2610631, 1820318, 2136155, 4293706
73, 276, 556, 2085, 1371, 1635, 6345, 4135, 4324, 8973, 38239, 38176, 326352, 72909, 94818, 369453, 157713, 152180, 340420, 37065316, 898513, 2659064, 56912563, 1849911, 4360622, 91806044, 2456337, 6560463, 62862828, 1580329, 4375770, 6442504, 14089882, 18744085, 8581829, 17746031, 26924619, 11485917, 23335662, 33136008, 57270183, 7772785, 19332545, 77368351, 11486138, 25738731, 102941439, 12451434, 34374883, 728505, 2996849, 2682337, 1289215, 5327782, 5163632, 2091188, 11712644, 11761608, 149996, 228350, 258924, 245565, 337952, 442742, 457787, 513200, 654485, 519560, 667304, 1384001, 1014555, 1254112, 2506738, 2017678, 2123818, 4156228
74, 258, 534, 2103, 1861, 1796, 6384, 4208, 4425, 9216, 42195, 113036, 383625, 123410, 110402, 350000, 164123, 158704, 490360, 36866211, 818213, 2309164, 59680812, 1657409, 4363576, 89179226, 2373693, 6361427, 62846489, 1622683, 4690837, 6873243, 13532395, 20329040, 8516848, 18320684, 24585745, 11673580, 22113134, 31570165, 59900906, 7614465, 19941554, 80519828, 10956798, 26376448, 101327812, 12935974, 32832083, 553164, 2657637, 2813126, 1003324, 5384042, 5282530, 1909989, 11523659, 11318764, 163332, 208051, 232570, 262526, 368351, 400353, 430958, 499005, 533313, 557765, 671158, 1310965, 969641, 1310744, 2530261, 1689606, 2018257, 4363925
75, 253, 542, 2082, 1390, 1556, 6542, 4678, 4506, 9499, 148226, 40827, 373113, 73747, 92898, 354419, 233290, 153576, 302966, 34558619, 947990, 2682905, 59892627, 1590844, 3970064, 86368841, 2337931, 6250338, 65422825, 1583556, 4497953, 7389641, 13231118, 17888864, 8560632, 18570925, 27128926, 11194475, 23594369, 31828686, 60243772, 7750039, 20423446, 79461471, 10721911, 25677675, 99832810, 12285564, 36041914, 518049, 2984720, 2662702, 1055647, 5656659, 5632237, 1897408, 11363565, 11152863, 136897, 182596, 303333, 272799, 318734, 352004, 389573, 457726, 522060, 513911, 743719, 1447485, 981655, 1342130, 2809541, 1855476, 1953641, 4041681
76, 256, 550, 2154, 1409, 1564, 6468, 4221, 4327, 9070, 49601, 35320, 285045, 91555, 87185, 396356, 154374, 216265, 440314, 35361345, 936062, 2516340, 55919555, 1593470, 4187948, 84056439, 2269411, 6262401, 64404490, 1572704, 4346156, 6446934, 13616628, 19040601, 9566012, 17845608, 27257489, 10551653, 22927002, 33001943, 60274182, 6979027, 18866990, 79754936, 10092062, 26909529, 99081364, 13103729, 33160470, 492796, 2778073, 2682475, 1410245, 5159455, 5447586, 1898602, 11613575, 11395328, 135210, 215774, 258328, 319177, 339160, 435111, 398555, 450433, 547420, 555333, 633504, 1510326, 1052488, 1207468, 2662971, 2136677, 2240783, 4304149
77, 264, 560, 2173, 1339, 1634, 6346, 4168, 4245, 27594, 39556, 36212, 302186, 78980, 107448, 353859, 197902, 185033, 308716, 33762363, 934243, 2460571, 61377651, 1478475, 3861589, 86067242, 2437497, 7762063, 65983727, 1775224, 4321544, 6819546, 14651568, 18456014, 9048682, 18348239, 27271698, 10895786, 23338730, 31226172, 55627587, 7510096, 20972621, 78537708, 10331446, 26516935, 100644896, 12796409, 34640632, 562546, 2988534, 2730504, 1153424, 5530655, 5424211, 2082868, 11363500, 11429640, 185221, 189713, 240786, 269824, 392838, 395061, 379208, 450984, 536083, 497622, 716707, 1470337, 974582, 1215937, 2590887, 1688238, 2026186, 4151506
78, 259, 550, 2082, 1322, 1647, 6622, 4466, 4425, 9250, 60710, 54816, 331451, 77938, 86431, 446325, 153162, 163679, 336104, 34443017, 901342, 2434311, 59462602, 1618471, 5578111, 91245036, 2395675, 5809970, 64707743, 1623027, 4537935, 6509248, 13641625, 21324476, 8773995, 18486381, 24602271, 10668245, 23200224, 34079248, 58845802, 8114962, 20876835, 76683068, 10646348, 25554424, 102153218, 12458968, 32796299, 490501, 3050382, 2806207, 1103033, 5431720, 4993331, 2229885, 11683785, 11692579, 154128, 192130, 244192, 284405, 366784, 395256, 429280, 505577, 614936, 522859, 635377, 1387707, 1041340, 1270560, 2551409, 1755751, 1977533, 4048963
79, 260, 541, 2138, 1332, 1659, 6266, 4362, 4386, 8953, 36312, 34722, 280574, 128025, 113148, 476838, 174567, 151548, 303683, 35934351, 888930, 2926843, 61747952, 1559304, 4111368, 86314303, 2112267, 5838790, 61821875, 1596804, 5729948, 6727001, 14033532, 20901615, 8261079, 18155675, 25416576, 10276718, 21441875, 32762845, 58083386, 8125412, 21343799, 76933746, 10192917, 27205114, 99719469, 13328630, 33691051, 530788, 2876994, 2946187, 1010478, 5114082, 5114897, 1890720, 11614810, 12105530, 136137, 239138, 258614, 290311, 355732, 635985, 401590, 486849, 519363, 523228, 625809, 1457026, 1013742, 1295028, 2607293, 1745892, 1958457, 3969741
80, 261, 552, 2138, 1259, 2009, 6314, 4139, 4312, 8979, 34745, 36428, 357440, 113039, 128430, 385802, 159361, 204457, 319424, 35007299, 790790, 2566363, 59464926, 1507361, 4327948, 90270422, 2476742, 5946787, 65771956, 1550242, 5357665, 7408751, 14819630, 18828249, 9315958, 19118598, 26295357, 12126459, 24753692, 35239974, 58801417, 8418081, 18706113, 77005277, 9782204, 26609696, 101596671, 13730134, 34069835, 493613, 2719000, 2690397, 1235939, 5355217, 5391275, 2009523, 11633189, 11126418, 135819, 190076, 257039, 294076, 334157, 497030, 400282, 459353, 520090, 565732, 694382, 1602972, 1056065, 1181368, 2445050, 1673838, 2005783, 4276725
81, 256, 535, 2083, 1384, 1541, 6401, 4180, 4250, 9080, 34987, 35407, 317639, 79034, 76977, 513095, 175077, 195334, 392762, 34330900, 914805, 3066137, 61234901, 1661912, 3941627, 89596972, 2087133, 5969278, 64078391, 1539475, 4366601, 6758374, 13163802, 20114969, 8661696, 17832155, 27311462, 12604804, 23139591, 33910561, 61182613, 7910483, 19295027, 77348884, 10260136, 25522741, 100561210, 12397623, 33426114, 507103, 2595769, 2707983, 1241386, 5533824, 5310366, 1859719, 11748386, 11492170, 148516, 201478, 269445, 275178, 349632, 400953, 456431, 479860, 545406, 479554, 688781, 1466011, 970910, 1210927, 2446758, 1685410, 1972481, 4316488
82, 257, 542, 2199, 1272, 1518, 6453, 4220, 4282, 8951, 34789, 37136, 333977, 97194, 107725, 399767, 188463, 152002, 305021, 34020460, 911839, 2597932, 59429553, 1626672, 3669772, 89507657, 2191133, 5958518, 62988571, 1497323, 3916360, 6368927, 13587692, 19974264, 9173613, 17790551, 24603030, 11013638, 22869791, 33695870, 56718049, 7780885, 19819587, 76885845, 10249684, 25049187, 100782323, 12679894, 33346501, 581958, 2767006, 2869251, 1075717, 5497001, 5173758, 2012696, 11807930, 11637236, 136290, 188880, 257430, 276489, 309031, 396095, 387546, 450411, 534560, 463171, 633272, 1341666, 982648, 1198074, 2424595, 1723199, 1938665, 3983745
83, 320, 568, 2227, 1425, 1521, 6365, 4214, 4258, 9076, 35441, 35138, 395521, 85012, 210515, 379452, 166175, 151032, 359872, 37330360, 1067711, 2525221, 61423061, 2016392, 3847117, 90478745, 2424321, 7127062, 66876347, 1514878, 4422326, 7148007, 14379456, 19393479, 10213521, 18078556, 26641534, 11369387, 23276310, 32812781, 59802897, 7538885, 19446878, 79904962, 9915857, 26091405, 96158319, 13154470, 32927472, 517641, 2984393, 2823564, 1236870, 5152503, 6547870, 2015430, 11711813, 11316243, 153978, 202721, 231036, 290570, 356348, 516645, 419473, 450615, 535106, 516385, 675190, 1515732, 995790, 1180868, 2457089, 1847841, 2016254, 4207320
84, 263, 576, 2151, 1368, 1517, 6559, 22767, 4379, 9261, 72828, 35334, 334737, 80491, 73462, 408888, 192822, 258993, 308571, 34592957, 933354, 2570891, 59558377, 1560783, 4123368, 86662389, 2166547, 6021108, 65492235, 1504558, 4604511, 6516750, 14919847, 19435236, 8552474, 19121036, 27510775, 12977716, 23107086, 33495176, 58348297, 7829808, 18379318, 79825189, 10003505, 25094442, 97357487, 13204625, 34851301, 516056, 2841320, 2866690, 1083301, 5907467, 5427337, 1870431, 11489919, 11403327, 135887, 228046, 287005, 292918, 391373, 392682, 372003, 500972, 588723, 542132, 676533, 1452039, 1034477, 1647684, 2607195, 1694680, 2111306, 4494950
85, 311, 571, 2179, 1342, 1690, 6701, 4325, 4399, 22076, 34959, 35652, 284526, 110584, 82094, 342230, 151255, 154888, 319522, 34443977, 814517, 2481593, 59933084, 1573187, 3909183, 87161319, 2344038, 6627686, 61390932, 1536508, 4722273, 6284171, 13621123, 20196981, 8827130, 18575316, 26180111, 10718340, 23328643, 36266391, 56259191, 8875981, 20797198, 78490142, 11377114, 26307131, 99675125, 13878156, 33247781, 587311, 2675179, 2978730, 1024877, 5275721, 5786828, 2019901, 11588541, 11374556, 139702, 225058, 261855, 305678, 338111, 418875, 383970, 476791, 538720, 587366, 606318, 1419285, 976036, 1210278, 2572187, 1853964, 2054211, 4363189
86, 262, 614, 2187, 1431, 2437, 6212, 4172, 4239, 8990, 36803, 35626, 296438, 91800, 173690, 321231, 168116, 184519, 321917, 34260677, 869456, 2523247, 63163322, 1584479, 3857983, 87711242, 2372581, 6269517, 63250226, 1531038, 4472059, 6836220, 13474285, 18835822, 8506422, 18562638, 27355735, 12805416, 23305129, 32964668, 56298691, 7858528, 21107038, 78006156, 10569328, 25353161, 97104889, 13337164, 31668797, 493463, 2822601, 2706947, 971684, 5187044, 5009731, 1880749, 11544695, 11403909, 168590, 190538, 262830, 292923, 418435, 391564, 381367, 462290, 545132, 508092, 807558, 1352610, 1392838, 1194113, 2453200, 1878542, 2131371, 4594270
87, 271, 643, 2132, 1833, 1720, 6317, 22707, 4398, 9237, 36044, 58512, 435503, 73542, 75631, 294249, 180647, 154242, 410047, 34205549, 891956, 2541210, 59020522, 1601575, 4168221, 86806299, 2358410, 6110483, 63843743, 1477664, 4462444, 6693944, 13463724, 19916414, 9547809, 18795486, 25872284, 11776885, 23997641, 35114620, 63322275, 7855954, 19868221, 78278945, 10308853, 26264826, 102257562, 13316000, 34783648, 534023, 2947130, 3007607, 1063874, 5403574, 4982746, 1960235, 11795653, 11712775, 138190, 189767, 247790, 250869, 337368, 388717, 388879, 455420, 551675, 580282, 765339, 1509665, 984531, 2230871, 2500993, 1853175, 2127341, 4197743
88, 264, 549, 2166, 2398, 1784, 6283, 4298, 4348, 22076, 34989, 35464, 324982, 71996, 76256, 295852, 193783, 180570, 375005, 33126273, 946821, 2471262, 59732893, 1534993, 3784991, 89852945, 2380587, 6046171, 62216934, 1537738, 4356958, 7110819, 13485491, 18458257, 9239883, 17871011, 25998637, 11031338, 22223710, 33136300, 57012133, 8178748, 18650172, 76819948, 11010024, 26383126, 100661525, 13215533, 35202720, 502587, 2985371, 2903428, 971232, 5717035, 4989629, 1848222, 11490627, 11466572, 136156, 202491, 248370, 330942, 311730, 418217, 446636, 448867, 533206, 536820, 720609, 1434266, 985086, 1200822, 2869576, 1777296, 2036291, 4782943
89, 306, 537, 2129, 1431, 1523, 6456, 4219, 4283, 8950, 36093, 96295, 321943, 72178, 83642, 330304, 199630, 194830, 434326, 36812331, 1068963, 2514594, 63925858, 1655359, 4096678, 87575460, 2414309, 6676084, 63715113, 1644793, 4308713, 6307922, 14590172, 19767488, 9023469, 17981663, 26191407, 10738838, 22747414, 32852930, 56373321, 7962448, 20530874, 79003259, 10451318, 27582349, 101477323, 12863059, 34341063, 544308, 2818666, 2954321, 975715, 5442733, 5309223, 2168015, 11091409, 12103372, 154703, 196858, 223221, 289071, 344536, 423907, 374216, 464077, 757264, 553215, 950264, 1464440, 999181, 1184083, 2473347, 1823011, 2141388, 4337265
90, 264, 567, 2136, 1306, 1835, 6412, 4164, 4292, 8952, 35176, 55109, 335290, 124851, 92376, 298136, 155257, 153927, 402962, 38041786, 789175, 2169025, 59416034, 1660753, 4323776, 90605174, 2299582, 6223303, 64450590, 1663285, 4426774, 6605147, 13241861, 18659283, 10391113, 17986369, 28854186, 11132890, 22600327, 36118539, 59256703, 7832623, 21756381, 78899724, 10336921, 26755207, 102929726, 12697893, 32084357, 490432, 2782565, 2636299, 1044265, 5386350, 5217261, 1960336, 11161345, 11336137, 131577, 226606, 222724, 314205, 377788, 494638, 379187, 502810, 1032155, 679131, 707456, 1374825, 1428162, 1288382, 2881257, 1723120, 2072598, 4277716
91, 261, 547, 2093, 1405, 21832, 6541, 4164, 4277, 8976, 36665, 35246, 374877, 72678, 79246, 341840, 189996, 200522, 321830, 34598802, 934475, 2187388, 59048370, 1626365, 4017221, 87043892, 2292815, 6167711, 66840575, 1979475, 4278131, 6412233, 14583673, 19839958, 8699268, 18087863, 25800393, 11151982, 22662155, 33279378, 59447850, 7977671, 19039105, 79817211, 10099326, 28284870, 99329327, 12637928, 32867668, 490783, 2785329, 2771290, 1034301, 5238305, 5208289, 2244427, 11825021, 11608235, 130635, 180537, 233622, 283032, 347462, 520000, 546918, 451638, 578710, 479244, 785495, 1613625, 1025389, 1206844, 2460443, 1824394, 1933403, 4462051
92, 258, 540, 2086, 1275, 1497, 6377, 4146, 4297, 9008, 56324, 36672, 393519, 75379, 81161, 303517, 182097, 167433, 316088, 35308655, 928810, 2398428, 61766724, 1792318, 4195341, 87961579, 2150411, 5954823, 63583105, 1499353, 4415772, 6980001, 13929889, 19791017, 8808697, 18669198, 27061114, 11261798, 22156424, 31960783, 84248651, 8161613, 21154228, 80369088, 10079147, 27618305, 99385587, 13459276, 33402879, 522217, 2803818, 2854028, 1068346, 5105998, 5442900, 2446684, 11649623, 11600013, 130851, 207255, 248504, 296953, 334311, 457592, 404536, 479890, 548126, 466116, 636130, 1567538, 2187362, 1197985, 2498942, 1921446, 2181062, 4256853
93, 258, 537, 2204, 1448, 1633, 6391, 4320, 4378, 9265, 36342, 37428, 462844, 75985, 117031, 375472, 166901, 178510, 354357, 35251919, 901125, 2263387, 60377331, 1561720, 4272314, 90695542, 2234942, 6469431, 64895710, 1449372, 4231320, 7973362, 13862724, 18741357, 9029273, 17494527, 26509941, 11575395, 23390140, 32044334, 59085165, 7837226, 19622437, 78601190, 9874658, 29171398, 99331554, 12042870, 36657113, 598222, 2739472, 3168715, 1039800, 5528806, 5332402, 2075915, 11690821, 11393220, 168401, 188260, 229715, 319641, 362750, 426101, 400055, 486928, 627621, 485162, 634706, 1548973, 979378, 1196194, 2884824, 1728104, 2128244, 5173127
94, 265, 549, 2075, 1344, 1541, 6242, 4311, 4412, 21981, 68740, 51442, 353509, 72186, 76262, 293809, 149997, 149454, 331222, 33130276, 871148, 2430727, 63568615, 1599995, 4005704, 90012966, 2385639, 6098074, 67887080, 1563738, 4594057, 6858930, 13904255, 19574699, 9693855, 18302346, 26885535, 10329350, 21588360, 34851835, 57972430, 7170670, 20008147, 82078984, 10195184, 27653953, 100286287, 12201003, 32587036, 531790, 2775991, 2751712, 1235325, 5478444, 5293484, 2147145, 11653899, 11231358, 171988, 188913, 233432, 307725, 357343, 439024, 372430, 463226, 552159, 508622, 606666, 1448274, 1043771, 1304634, 2457331, 1711908, 2658857, 4413652
95, 271, 535, 2127, 1425, 1963, 6355, 4179, 4292, 8970, 54024, 62216, 380906, 72260, 74043, 303316, 161415, 150429, 332567, 35251664, 960654, 4195570, 60978374, 1587201, 4136579, 88530924, 2390888, 5618072, 62210088, 1539455, 4551371, 6842519, 13805575, 18258497, 8538519, 19242208, 25936826, 11731085, 25207516, 33792026, 55691129, 8100586, 20947880, 78993127, 10338852, 26469123, 100175699, 12873572, 34918377, 576973, 2708590, 2613898, 1099107, 5255465, 5508017, 1999949, 11765648, 11531404, 138240, 245018, 229398, 273626, 395382, 417476, 397274, 514592, 554129, 493362, 696437, 1451188, 1019159, 1255499, 3731890, 1724708, 1974950, 4965186
96, 264, 559, 2185, 1488, 1689, 6636, 4296, 4461, 9247, 38921, 37135, 369604, 80405, 72349, 291106, 179747, 189916, 303221, 33634618, 811628, 2494200, 58828438, 1600832, 4094490, 86731891, 2290039, 5848387, 63343593, 1431650, 4405165, 6425315, 13894061, 19932695, 9794019, 18566120, 25627562, 10821211, 23147979, 34152936, 57474913, 7835448, 20288830, 78182599, 10120431, 26734627, 100142580, 12884941, 33168206, 574961, 3055765, 2908355, 1096115, 5312288, 5177217, 2113036, 11070581, 11204240, 148387, 220067, 232439, 276104, 396428, 491495, 440305, 449946, 516101, 571022, 650999, 1467557, 1229931, 1480977, 2442598, 1738126, 2191382, 4528139
97, 269, 565, 2182, 1269, 1607, 6416, 4356, 4368, 9252, 84097, 48788, 341448, 73535, 72201, 346595, 150609, 155465, 366626, 34025931, 854061, 2571764, 59791543, 1627640, 4097497, 88457322, 2146705, 5696539, 63961290, 1729085, 4954758, 7946863, 13944040, 18823163, 9057392, 17777670, 25906375, 10689673, 22244918, 33347801, 58178714, 8012774, 19851453, 78541547, 10026165, 28338158, 98523511, 12319352, 34017017, 535068, 2981267, 2988090, 1040991, 5677444, 5309896, 2036410, 11153664, 11834842, 137444, 189722, 281101, 309589, 363012, 455888, 447105, 480888, 577393, 484833, 697317, 1469236, 987513, 1184581, 2476686, 1887919, 2320570, 4509736
98, 265, 547, 2142, 1370, 1565, 6673, 4386, 4237, 9242, 52830, 77957, 600967, 100074, 74644, 306043, 174484, 167505, 358240, 34745437, 813269, 2569587, 59366208, 1682292, 4179116, 88017122, 2262972, 5916472, 65162834, 1813197, 4244739, 6499558, 13293359, 20004446, 9397434, 33313409, 26522050, 11483993, 22283306, 33879619, 60532975, 7817856, 20122580, 79785546, 10110706, 26629563, 99784330, 13880129, 32690220, 594421, 2970248, 2820889, 1140920, 5653246, 5237050, 2001422, 12100266, 11716456, 144048, 221749, 280822, 277567, 338994, 427527, 404241, 451793, 596504, 483845, 702467, 1376794, 1009248, 1200564, 2498861, 2046043, 2245541, 4472452
99, 266, 550, 2138, 1342, 1679, 6508, 4202, 4248, 8971, 49363, 35370, 419404, 73745, 72431, 305496, 198752, 223542, 395210, 33835710, 894113, 2733201, 56590278, 1692058, 4324888, 89902452, 2238267, 5736618, 64259830, 1560681, 4222437, 6869455, 13732076, 19835165, 8797107, 17711163, 25694505, 10967682, 23296991, 32128576, 61044020, 7666807, 19892617, 79681142, 9166324, 26547263, 99989006, 12494607, 31730884, 517148, 2828290, 3404620, 1294091, 5415105, 5254531, 2273120, 11164274, 11070751, 137083, 222142, 295012, 326854, 475463, 452051, 386662, 450586, 581351, 533922, 608027, 1304573, 977111, 1193086, 2498562, 1873074, 2193916, 4880065
